time,pos_x,pos_y,corrected_pos_x,corrected_pos_y
0.002160,NN,NN,NN,NN
0.020393,NN,NN,NN,NN
0.025515,NN,NN,NN,NN
0.029975,NN,NN,NN,NN
0.032918,NN,NN,NN,NN
0.035742,NN,NN,NN,NN
0.039033,NN,NN,NN,NN
0.042153,NN,NN,NN,NN
0.047291,NN,NN,NN,NN
0.051242,NN,NN,NN,NN
0.054939,NN,NN,NN,NN
0.058331,NN,NN,NN,NN
0.062856,NN,NN,NN,NN
0.067228,NN,NN,NN,NN
0.071260,NN,NN,NN,NN
0.077179,NN,NN,NN,NN
0.085277,NN,NN,NN,NN
0.090531,NN,NN,NN,NN
0.096025,NN,NN,NN,NN
0.100979,NN,NN,NN,NN
0.104582,NN,NN,NN,NN
0.108275,NN,NN,NN,NN
0.112827,NN,NN,NN,NN
0.117111,NN,NN,NN,NN
0.121470,NN,NN,NN,NN
0.124644,NN,NN,NN,NN
0.130690,NN,NN,NN,NN
0.134810,NN,NN,NN,NN
0.138484,NN,NN,NN,NN
0.142127,NN,NN,NN,NN
0.147603,NN,NN,NN,NN
0.151366,NN,NN,NN,NN
0.154690,NN,NN,NN,NN
0.158570,NN,NN,NN,NN
0.164341,NN,NN,NN,NN
0.169048,NN,NN,NN,NN
0.177984,NN,NN,NN,NN
0.184169,NN,NN,NN,NN
0.188071,NN,NN,NN,NN
0.192030,NN,NN,NN,NN
0.198905,NN,NN,NN,NN
0.203776,NN,NN,NN,NN
0.208140,NN,NN,NN,NN
0.213385,NN,NN,NN,NN
0.218036,NN,NN,NN,NN
0.221849,NN,NN,NN,NN
0.226792,NN,NN,NN,NN
0.232050,NN,NN,NN,NN
0.235903,NN,NN,NN,NN
0.239890,NN,NN,NN,NN
0.244182,NN,NN,NN,NN
0.249239,NN,NN,NN,NN
0.253165,NN,NN,NN,NN
0.257242,NN,NN,NN,NN
0.261833,NN,NN,NN,NN
0.266322,NN,NN,NN,NN
0.270524,NN,NN,NN,NN
0.274085,NN,NN,NN,NN
0.279222,NN,NN,NN,NN
0.283440,NN,NN,NN,NN
0.287663,NN,NN,NN,NN
0.291631,NN,NN,NN,NN
0.296230,NN,NN,NN,NN
0.300281,NN,NN,NN,NN
0.304860,NN,NN,NN,NN
0.308677,NN,NN,NN,NN
0.313494,NN,NN,NN,NN
0.318518,NN,NN,NN,NN
0.322395,NN,NN,NN,NN
0.325960,NN,NN,NN,NN
0.330821,NN,NN,NN,NN
0.335187,NN,NN,NN,NN
0.339015,NN,NN,NN,NN
0.342737,NN,NN,NN,NN
0.347417,NN,NN,NN,NN
0.353296,NN,NN,NN,NN
0.357052,NN,NN,NN,NN
0.361105,NN,NN,NN,NN
0.365965,NN,NN,NN,NN
0.370471,NN,NN,NN,NN
0.374187,NN,NN,NN,NN
0.379027,NN,NN,NN,NN
0.384003,NN,NN,NN,NN
0.387596,NN,NN,NN,NN
0.391029,NN,NN,NN,NN
0.395213,NN,NN,NN,NN
0.400147,NN,NN,NN,NN
0.403903,NN,NN,NN,NN
0.416828,NN,NN,NN,NN
0.421070,NN,NN,NN,NN
0.424153,NN,NN,NN,NN
0.428383,NN,NN,NN,NN
0.432818,NN,NN,NN,NN
0.436287,NN,NN,NN,NN
0.439887,NN,NN,NN,NN
0.444646,NN,NN,NN,NN
0.449294,NN,NN,NN,NN
0.452822,NN,NN,NN,NN
0.456000,NN,NN,NN,NN
0.460113,NN,NN,NN,NN
0.464780,NN,NN,NN,NN
0.468826,NN,NN,NN,NN
0.472679,NN,NN,NN,NN
0.477441,NN,NN,NN,NN
0.482354,NN,NN,NN,NN
0.486006,NN,NN,NN,NN
0.489816,NN,NN,NN,NN
0.495148,NN,NN,NN,NN
0.500042,NN,NN,NN,NN
0.504104,NN,NN,NN,NN
0.508283,NN,NN,NN,NN
0.512688,NN,NN,NN,NN
0.517003,NN,NN,NN,NN
0.521167,NN,NN,NN,NN
0.525139,NN,NN,NN,NN
0.530160,NN,NN,NN,NN
0.535245,NN,NN,NN,NN
0.539841,NN,NN,NN,NN
0.543674,NN,NN,NN,NN
0.548437,NN,NN,NN,NN
0.553023,NN,NN,NN,NN
0.560643,NN,NN,NN,NN
0.565420,NN,NN,NN,NN
0.570262,NN,NN,NN,NN
0.573806,NN,NN,NN,NN
0.577581,NN,NN,NN,NN
0.582795,NN,NN,NN,NN
0.586742,NN,NN,NN,NN
0.590411,NN,NN,NN,NN
0.594484,NN,NN,NN,NN
0.600206,NN,NN,NN,NN
0.604850,NN,NN,NN,NN
0.609194,NN,NN,NN,NN
0.615089,NN,NN,NN,NN
0.619654,NN,NN,NN,NN
0.623729,NN,NN,NN,NN
0.627692,NN,NN,NN,NN
0.632817,NN,NN,NN,NN
0.636793,NN,NN,NN,NN
0.640782,NN,NN,NN,NN
0.644805,NN,NN,NN,NN
0.649787,NN,NN,NN,NN
0.654109,NN,NN,NN,NN
0.657659,NN,NN,NN,NN
0.662870,NN,NN,NN,NN
0.667235,NN,NN,NN,NN
0.671179,NN,NN,NN,NN
0.675194,NN,NN,NN,NN
0.679869,NN,NN,NN,NN
0.684278,NN,NN,NN,NN
0.688078,NN,NN,NN,NN
0.692208,NN,NN,NN,NN
0.696769,NN,NN,NN,NN
0.701319,NN,NN,NN,NN
0.705138,NN,NN,NN,NN
0.709422,NN,NN,NN,NN
0.714308,NN,NN,NN,NN
0.718440,NN,NN,NN,NN
0.722131,NN,NN,NN,NN
0.726049,NN,NN,NN,NN
0.730805,NN,NN,NN,NN
0.735349,NN,NN,NN,NN
0.740160,NN,NN,NN,NN
0.745167,NN,NN,NN,NN
0.750260,NN,NN,NN,NN
0.757394,NN,NN,NN,NN
0.765307,NN,NN,NN,NN
0.769635,NN,NN,NN,NN
0.773572,NN,NN,NN,NN
0.776999,NN,NN,NN,NN
0.781790,NN,NN,NN,NN
0.785672,NN,NN,NN,NN
0.789117,NN,NN,NN,NN
0.792605,NN,NN,NN,NN
0.796849,NN,NN,NN,NN
0.801435,NN,NN,NN,NN
0.805612,NN,NN,NN,NN
0.809127,NN,NN,NN,NN
0.813423,NN,NN,NN,NN
0.818149,NN,NN,NN,NN
0.822220,NN,NN,NN,NN
0.825980,NN,NN,NN,NN
0.830439,NN,NN,NN,NN
0.836006,NN,NN,NN,NN
0.839886,NN,NN,NN,NN
0.843402,NN,NN,NN,NN
0.848319,NN,NN,NN,NN
0.852864,NN,NN,NN,NN
0.856693,NN,NN,NN,NN
0.860445,NN,NN,NN,NN
0.865941,NN,NN,NN,NN
0.873539,NN,NN,NN,NN
0.880836,NN,NN,NN,NN
0.887491,NN,NN,NN,NN
0.891429,NN,NN,NN,NN
0.896452,NN,NN,NN,NN
0.901154,NN,NN,NN,NN
0.904716,NN,NN,NN,NN
0.908023,NN,NN,NN,NN
0.912687,NN,NN,NN,NN
0.917370,NN,NN,NN,NN
0.921355,NN,NN,NN,NN
0.925919,NN,NN,NN,NN
0.930557,NN,NN,NN,NN
0.934783,NN,NN,NN,NN
0.938390,NN,NN,NN,NN
0.942830,NN,NN,NN,NN
0.947070,NN,NN,NN,NN
0.951518,NN,NN,NN,NN
0.956273,NN,NN,NN,NN
0.960233,NN,NN,NN,NN
0.964881,NN,NN,NN,NN
0.969060,NN,NN,NN,NN
0.974906,NN,NN,NN,NN
0.979657,NN,NN,NN,NN
0.984553,NN,NN,NN,NN
0.989313,NN,NN,NN,NN
0.992981,NN,NN,NN,NN
0.997412,NN,NN,NN,NN
1.003567,NN,NN,NN,NN
1.008774,NN,NN,NN,NN
1.014717,NN,NN,NN,NN
1.020253,NN,NN,NN,NN
1.025017,NN,NN,NN,NN
1.031295,NN,NN,NN,NN
1.038582,NN,NN,NN,NN
1.043585,NN,NN,NN,NN
1.050626,NN,NN,NN,NN
1.056189,NN,NN,NN,NN
1.059842,NN,NN,NN,NN
1.065128,NN,NN,NN,NN
1.069817,NN,NN,NN,NN
1.074026,NN,NN,NN,NN
1.078359,NN,NN,NN,NN
1.083470,NN,NN,NN,NN
1.087465,NN,NN,NN,NN
1.091166,NN,NN,NN,NN
1.095774,NN,NN,NN,NN
1.101039,NN,NN,NN,NN
1.105469,NN,NN,NN,NN
1.109300,NN,NN,NN,NN
1.114686,NN,NN,NN,NN
1.119336,NN,NN,NN,NN
1.123190,NN,NN,NN,NN
1.127283,NN,NN,NN,NN
1.132424,NN,NN,NN,NN
1.136898,NN,NN,NN,NN
1.140673,NN,NN,NN,NN
1.145146,NN,NN,NN,NN
1.149974,NN,NN,NN,NN
1.154142,NN,NN,NN,NN
1.158344,NN,NN,NN,NN
1.162520,NN,NN,NN,NN
1.167366,NN,NN,NN,NN
1.173239,NN,NN,NN,NN
1.177320,NN,NN,NN,NN
1.181920,NN,NN,NN,NN
1.186766,NN,NN,NN,NN
1.190887,NN,NN,NN,NN
1.194794,NN,NN,NN,NN
1.199791,NN,NN,NN,NN
1.204419,NN,NN,NN,NN
1.208088,NN,NN,NN,NN
1.211664,NN,NN,NN,NN
1.216959,NN,NN,NN,NN
1.221417,NN,NN,NN,NN
1.225327,NN,NN,NN,NN
1.229518,NN,NN,NN,NN
1.234715,NN,NN,NN,NN
1.238514,NN,NN,NN,NN
1.241974,NN,NN,NN,NN
1.245675,NN,NN,NN,NN
1.251945,NN,NN,NN,NN
1.256311,NN,NN,NN,NN
1.259903,NN,NN,NN,NN
1.263889,NN,NN,NN,NN
1.270635,NN,NN,NN,NN
1.276281,NN,NN,NN,NN
1.284317,NN,NN,NN,NN
1.290656,NN,NN,NN,NN
1.296973,NN,NN,NN,NN
1.303270,NN,NN,NN,NN
1.309678,NN,NN,NN,NN
1.315107,NN,NN,NN,NN
1.320752,NN,NN,NN,NN
1.324879,NN,NN,NN,NN
1.329173,NN,NN,NN,NN
1.334080,NN,NN,NN,NN
1.338736,NN,NN,NN,NN
1.342841,NN,NN,NN,NN
1.347733,NN,NN,NN,NN
1.352472,NN,NN,NN,NN
1.356270,NN,NN,NN,NN
1.360301,NN,NN,NN,NN
1.365301,NN,NN,NN,NN
1.370015,NN,NN,NN,NN
1.374310,NN,NN,NN,NN
1.379391,NN,NN,NN,NN
1.384450,NN,NN,NN,NN
1.388182,NN,NN,NN,NN
1.400574,NN,NN,NN,NN
1.405486,NN,NN,NN,NN
1.410112,NN,NN,NN,NN
1.414797,NN,NN,NN,NN
1.418985,NN,NN,NN,NN
1.422663,NN,NN,NN,NN
1.426232,NN,NN,NN,NN
1.430001,NN,NN,NN,NN
1.434573,NN,NN,NN,NN
1.439394,NN,NN,NN,NN
1.442975,NN,NN,NN,NN
1.446568,NN,NN,NN,NN
1.450912,NN,NN,NN,NN
1.455039,NN,NN,NN,NN
1.460129,NN,NN,NN,NN
1.467660,NN,NN,NN,NN
1.473609,NN,NN,NN,NN
1.476896,NN,NN,NN,NN
1.480379,NN,NN,NN,NN
1.485016,NN,NN,NN,NN
1.489001,NN,NN,NN,NN
1.492314,NN,NN,NN,NN
1.495953,NN,NN,NN,NN
1.502024,NN,NN,NN,NN
1.505906,NN,NN,NN,NN
1.509306,NN,NN,NN,NN
1.512869,NN,NN,NN,NN
1.518548,NN,NN,NN,NN
1.522260,NN,NN,NN,NN
1.525882,NN,NN,NN,NN
1.531460,NN,NN,NN,NN
1.537211,NN,NN,NN,NN
1.543675,NN,NN,NN,NN
1.550439,NN,NN,NN,NN
1.555042,NN,NN,NN,NN
1.559000,NN,NN,NN,NN
1.563877,NN,NN,NN,NN
1.568621,NN,NN,NN,NN
1.572191,NN,NN,NN,NN
1.576046,NN,NN,NN,NN
1.580512,NN,NN,NN,NN
1.585265,NN,NN,NN,NN
1.589385,NN,NN,NN,NN
1.593209,NN,NN,NN,NN
1.597100,NN,NN,NN,NN
1.601791,NN,NN,NN,NN
1.605988,NN,NN,NN,NN
1.609827,NN,NN,NN,NN
1.613720,NN,NN,NN,NN
1.618639,NN,NN,NN,NN
1.623398,NN,NN,NN,NN
1.627053,NN,NN,NN,NN
1.630820,NN,NN,NN,NN
1.635466,NN,NN,NN,NN
1.640006,NN,NN,NN,NN
1.643439,NN,NN,NN,NN
1.647542,NN,NN,NN,NN
1.652907,NN,NN,NN,NN
1.656710,NN,NN,NN,NN
1.660019,NN,NN,NN,NN
1.663822,NN,NN,NN,NN
1.669634,NN,NN,NN,NN
1.673430,NN,NN,NN,NN
1.677103,NN,NN,NN,NN
1.681650,NN,NN,NN,NN
1.686645,NN,NN,NN,NN
1.690428,NN,NN,NN,NN
1.693866,NN,NN,NN,NN
1.699258,NN,NN,NN,NN
1.704648,NN,NN,NN,NN
1.709236,NN,NN,NN,NN
1.713407,NN,NN,NN,NN
1.718981,NN,NN,NN,NN
1.722647,NN,NN,NN,NN
1.726131,NN,NN,NN,NN
1.730567,NN,NN,NN,NN
1.735073,NN,NN,NN,NN
1.739641,NN,NN,NN,NN
1.743385,NN,NN,NN,NN
1.748166,NN,NN,NN,NN
1.753105,NN,NN,NN,NN
1.757613,NN,NN,NN,NN
1.762011,NN,NN,NN,NN
1.766864,NN,NN,NN,NN
1.771515,NN,NN,NN,NN
1.775208,NN,NN,NN,NN
1.779220,NN,NN,NN,NN
1.783875,NN,NN,NN,NN
1.788244,NN,NN,NN,NN
1.792058,NN,NN,NN,NN
1.795622,NN,NN,NN,NN
1.800423,NN,NN,NN,NN
1.804668,NN,NN,NN,NN
1.809289,NN,NN,NN,NN
1.813767,NN,NN,NN,NN
1.819173,NN,NN,NN,NN
1.824112,NN,NN,NN,NN
1.828096,NN,NN,NN,NN
1.833067,NN,NN,NN,NN
1.837278,NN,NN,NN,NN
1.841381,NN,NN,NN,NN
1.844883,NN,NN,NN,NN
1.849608,NN,NN,NN,NN
1.854246,NN,NN,NN,NN
1.858385,NN,NN,NN,NN
1.862279,NN,NN,NN,NN
1.866731,NN,NN,NN,NN
1.871256,NN,NN,NN,NN
1.874971,NN,NN,NN,NN
1.878666,NN,NN,NN,NN
1.883075,NN,NN,NN,NN
1.887973,NN,NN,NN,NN
1.897022,NN,NN,NN,NN
1.902234,NN,NN,NN,NN
1.906002,NN,NN,NN,NN
1.909743,NN,NN,NN,NN
1.913196,NN,NN,NN,NN
1.918546,NN,NN,NN,NN
1.923024,NN,NN,NN,NN
1.926662,NN,NN,NN,NN
1.930120,NN,NN,NN,NN
1.935600,NN,NN,NN,NN
1.940093,NN,NN,NN,NN
1.943661,NN,NN,NN,NN
1.947925,NN,NN,NN,NN
1.953725,NN,NN,NN,NN
1.957546,NN,NN,NN,NN
1.961040,NN,NN,NN,NN
1.967061,NN,NN,NN,NN
1.971994,NN,NN,NN,NN
1.975700,NN,NN,NN,NN
1.980678,NN,NN,NN,NN
1.986634,NN,NN,NN,NN
1.991209,NN,NN,NN,NN
1.995163,NN,NN,NN,NN
1.999783,NN,NN,NN,NN
2.003962,NN,NN,NN,NN
2.007653,NN,NN,NN,NN
2.012309,NN,NN,NN,NN
2.016742,NN,NN,NN,NN
2.020838,NN,NN,NN,NN
2.024817,NN,NN,NN,NN
2.029072,NN,NN,NN,NN
2.033421,NN,NN,NN,NN
2.037674,NN,NN,NN,NN
2.043023,NN,NN,NN,NN
2.047490,NN,NN,NN,NN
2.053111,NN,NN,NN,NN
2.057760,NN,NN,NN,NN
2.062154,NN,NN,NN,NN
2.066691,NN,NN,NN,NN
2.071893,NN,NN,NN,NN
2.075998,NN,NN,NN,NN
2.079740,NN,NN,NN,NN
2.084684,NN,NN,NN,NN
2.090229,NN,NN,NN,NN
2.094223,NN,NN,NN,NN
2.097910,NN,NN,NN,NN
2.103738,NN,NN,NN,NN
2.108179,NN,NN,NN,NN
2.111726,NN,NN,NN,NN
2.115927,NN,NN,NN,NN
2.121838,NN,NN,NN,NN
2.125752,NN,NN,NN,NN
2.129277,NN,NN,NN,NN
2.134814,NN,NN,NN,NN
2.139046,NN,NN,NN,NN
2.142489,NN,NN,NN,NN
2.145842,NN,NN,NN,NN
2.150826,NN,NN,NN,NN
2.155466,NN,NN,NN,NN
2.159161,NN,NN,NN,NN
2.163335,NN,NN,NN,NN
2.168126,NN,NN,NN,NN
2.172324,NN,NN,NN,NN
2.175974,NN,NN,NN,NN
2.179947,NN,NN,NN,NN
2.184839,NN,NN,NN,NN
2.189271,NN,NN,NN,NN
2.193284,NN,NN,NN,NN
2.197853,NN,NN,NN,NN
2.202777,NN,NN,NN,NN
2.206936,NN,NN,NN,NN
2.211919,NN,NN,NN,NN
2.217432,NN,NN,NN,NN
2.222469,NN,NN,NN,NN
2.227320,NN,NN,NN,NN
2.231344,NN,NN,NN,NN
2.236015,NN,NN,NN,NN
2.240366,NN,NN,NN,NN
2.244653,NN,NN,NN,NN
2.248368,NN,NN,NN,NN
2.253537,NN,NN,NN,NN
2.257887,NN,NN,NN,NN
2.261558,NN,NN,NN,NN
2.265715,NN,NN,NN,NN
2.270568,NN,NN,NN,NN
2.274975,NN,NN,NN,NN
2.278880,NN,NN,NN,NN
2.284371,NN,NN,NN,NN
2.289727,NN,NN,NN,NN
2.293324,NN,NN,NN,NN
2.297246,NN,NN,NN,NN
2.302028,NN,NN,NN,NN
2.306603,NN,NN,NN,NN
2.310217,NN,NN,NN,NN
2.313844,NN,NN,NN,NN
2.318647,NN,NN,NN,NN
2.323374,NN,NN,NN,NN
2.326940,NN,NN,NN,NN
2.330342,NN,NN,NN,NN
2.334816,NN,NN,NN,NN
2.339209,NN,NN,NN,NN
2.346268,NN,NN,NN,NN
2.356562,NN,NN,NN,NN
2.361031,NN,NN,NN,NN
2.365016,NN,NN,NN,NN
2.369798,NN,NN,NN,NN
2.373916,NN,NN,NN,NN
2.377232,NN,NN,NN,NN
2.380840,NN,NN,NN,NN
2.385537,NN,NN,NN,NN
2.389306,NN,NN,NN,NN
2.392854,NN,NN,NN,NN
2.396415,NN,NN,NN,NN
2.401925,NN,NN,NN,NN
2.406202,NN,NN,NN,NN
2.409681,NN,NN,NN,NN
2.413261,NN,NN,NN,NN
2.417815,NN,NN,NN,NN
2.422369,NN,NN,NN,NN
2.426163,NN,NN,NN,NN
2.431398,NN,NN,NN,NN
2.437032,NN,NN,NN,NN
2.441841,NN,NN,NN,NN
2.446422,NN,NN,NN,NN
2.451507,NN,NN,NN,NN
2.456447,NN,NN,NN,NN
2.461277,NN,NN,NN,NN
2.466569,NN,NN,NN,NN
2.471681,NN,NN,NN,NN
2.476260,NN,NN,NN,NN
2.481384,NN,NN,NN,NN
2.487177,NN,NN,NN,NN
2.491900,NN,NN,NN,NN
2.497048,NN,NN,NN,NN
2.502490,NN,NN,NN,NN
2.506998,NN,NN,NN,NN
2.511978,NN,NN,NN,NN
2.517828,NN,NN,NN,NN
2.522559,NN,NN,NN,NN
2.527511,NN,NN,NN,NN
2.531461,NN,NN,NN,NN
2.536116,NN,NN,NN,NN
2.541088,NN,NN,NN,NN
2.545279,NN,NN,NN,NN
2.549256,NN,NN,NN,NN
2.555079,NN,NN,NN,NN
2.559762,NN,NN,NN,NN
2.563523,NN,NN,NN,NN
2.567848,NN,NN,NN,NN
2.573374,NN,NN,NN,NN
2.577544,NN,NN,NN,NN
2.581323,NN,NN,NN,NN
2.587650,NN,NN,NN,NN
2.592174,NN,NN,NN,NN
2.595870,NN,NN,NN,NN
2.599797,NN,NN,NN,NN
2.605352,NN,NN,NN,NN
2.609343,NN,NN,NN,NN
2.613216,NN,NN,NN,NN
2.619737,NN,NN,NN,NN
2.625865,NN,NN,NN,NN
2.629852,NN,NN,NN,NN
2.635520,NN,NN,NN,NN
2.640049,NN,NN,NN,NN
2.644024,NN,NN,NN,NN
2.647984,NN,NN,NN,NN
2.652787,NN,NN,NN,NN
2.657094,NN,NN,NN,NN
2.660894,NN,NN,NN,NN
2.665055,NN,NN,NN,NN
2.669905,NN,NN,NN,NN
2.674325,NN,NN,NN,NN
2.678530,NN,NN,NN,NN
2.682912,NN,NN,NN,NN
2.687741,NN,NN,NN,NN
2.691715,NN,NN,NN,NN
2.695902,NN,NN,NN,NN
2.700297,NN,NN,NN,NN
2.705501,NN,NN,NN,NN
2.709692,NN,NN,NN,NN
2.713624,NN,NN,NN,NN
2.717858,NN,NN,NN,NN
2.722187,NN,NN,NN,NN
2.726243,NN,NN,NN,NN
2.730317,NN,NN,NN,NN
2.734612,NN,NN,NN,NN
2.739437,NN,NN,NN,NN
2.744312,NN,NN,NN,NN
2.747942,NN,NN,NN,NN
2.752112,NN,NN,NN,NN
2.756641,NN,NN,NN,NN
2.761125,NN,NN,NN,NN
2.765488,NN,NN,NN,NN
2.770687,NN,NN,NN,NN
2.775715,NN,NN,NN,NN
2.779727,NN,NN,NN,NN
2.783915,NN,NN,NN,NN
2.788618,NN,NN,NN,NN
2.792857,NN,NN,NN,NN
2.796773,NN,NN,NN,NN
2.800643,NN,NN,NN,NN
2.806128,NN,NN,NN,NN
2.809976,NN,NN,NN,NN
2.813409,NN,NN,NN,NN
2.817399,NN,NN,NN,NN
2.822484,NN,NN,NN,NN
2.826481,NN,NN,NN,NN
2.830140,NN,NN,NN,NN
2.834164,NN,NN,NN,NN
2.839950,NN,NN,NN,NN
2.844137,NN,NN,NN,NN
2.847798,NN,NN,NN,NN
2.852602,NN,NN,NN,NN
2.857226,NN,NN,NN,NN
2.860972,NN,NN,NN,NN
2.864393,NN,NN,NN,NN
2.869630,NN,NN,NN,NN
2.873944,NN,NN,NN,NN
2.886198,NN,NN,NN,NN
2.891535,NN,NN,NN,NN
2.894869,NN,NN,NN,NN
2.900258,NN,NN,NN,NN
2.906243,NN,NN,NN,NN
2.909891,NN,NN,NN,NN
2.915795,NN,NN,NN,NN
2.922660,NN,NN,NN,NN
2.927182,NN,NN,NN,NN
2.930937,NN,NN,NN,NN
2.936409,NN,NN,NN,NN
2.940651,NN,NN,NN,NN
2.945973,NN,NN,NN,NN
2.951831,NN,NN,NN,NN
2.957830,NN,NN,NN,NN
2.961933,NN,NN,NN,NN
2.967171,NN,NN,NN,NN
2.973841,NN,NN,NN,NN
2.978336,NN,NN,NN,NN
2.984297,NN,NN,NN,NN
2.989996,NN,NN,NN,NN
2.995774,NN,NN,NN,NN
2.999466,NN,NN,NN,NN
3.005382,NN,NN,NN,NN
3.011097,NN,NN,NN,NN
3.014279,NN,NN,NN,NN
3.019409,NN,NN,NN,NN
3.026483,NN,NN,NN,NN
3.031168,NN,NN,NN,NN
3.037838,NN,NN,NN,NN
3.043681,NN,NN,NN,NN
3.048541,NN,NN,NN,NN
3.053790,NN,NN,NN,NN
3.059615,NN,NN,NN,NN
3.064311,NN,NN,NN,NN
3.070436,NN,NN,NN,NN
3.074900,NN,NN,NN,NN
3.079514,NN,NN,NN,NN
3.083145,NN,NN,NN,NN
3.088504,NN,NN,NN,NN
3.093130,NN,NN,NN,NN
3.097147,NN,NN,NN,NN
3.102290,NN,NN,NN,NN
3.107022,NN,NN,NN,NN
3.110742,NN,NN,NN,NN
3.114939,NN,NN,NN,NN
3.119735,NN,NN,NN,NN
3.124239,NN,NN,NN,NN
3.128503,NN,NN,NN,NN
3.132825,NN,NN,NN,NN
3.137166,NN,NN,NN,NN
3.141292,NN,NN,NN,NN
3.146176,NN,NN,NN,NN
3.150165,NN,NN,NN,NN
3.156553,NN,NN,NN,NN
3.162591,NN,NN,NN,NN
3.167297,NN,NN,NN,NN
3.171949,NN,NN,NN,NN
3.178196,NN,NN,NN,NN
3.183707,NN,NN,NN,NN
3.191145,NN,NN,NN,NN
3.194728,NN,NN,NN,NN
3.199246,NN,NN,NN,NN
3.203492,NN,NN,NN,NN
3.209562,NN,NN,NN,NN
3.214159,NN,NN,NN,NN
3.218169,NN,NN,NN,NN
3.224755,NN,NN,NN,NN
3.229646,NN,NN,NN,NN
3.235226,NN,NN,NN,NN
3.240160,NN,NN,NN,NN
3.243620,NN,NN,NN,NN
3.246912,NN,NN,NN,NN
3.251246,NN,NN,NN,NN
3.258227,NN,NN,NN,NN
3.264877,NN,NN,NN,NN
3.269703,NN,NN,NN,NN
3.273918,NN,NN,NN,NN
3.277491,NN,NN,NN,NN
3.281149,NN,NN,NN,NN
3.285517,NN,NN,NN,NN
3.290309,NN,NN,NN,NN
3.294082,NN,NN,NN,NN
3.297686,NN,NN,NN,NN
3.302419,NN,NN,NN,NN
3.307167,NN,NN,NN,NN
3.311361,NN,NN,NN,NN
3.315063,NN,NN,NN,NN
3.320426,NN,NN,NN,NN
3.325081,NN,NN,NN,NN
3.329247,NN,NN,NN,NN
3.333598,NN,NN,NN,NN
3.338650,NN,NN,NN,NN
3.343413,NN,NN,NN,NN
3.347185,NN,NN,NN,NN
3.351730,NN,NN,NN,NN
3.356508,NN,NN,NN,NN
3.360787,NN,NN,NN,NN
3.364758,NN,NN,NN,NN
3.372184,NN,NN,NN,NN
3.382467,NN,NN,NN,NN
3.388367,NN,NN,NN,NN
3.392352,NN,NN,NN,NN
3.396190,NN,NN,NN,NN
3.402228,NN,NN,NN,NN
3.406432,NN,NN,NN,NN
3.409792,NN,NN,NN,NN
3.415250,NN,NN,NN,NN
3.419640,NN,NN,NN,NN
3.425227,NN,NN,NN,NN
3.430280,NN,NN,NN,NN
3.434734,NN,NN,NN,NN
3.439558,NN,NN,NN,NN
3.444307,NN,NN,NN,NN
3.447971,NN,NN,NN,NN
3.452685,NN,NN,NN,NN
3.457281,NN,NN,NN,NN
3.463613,NN,NN,NN,NN
3.468871,NN,NN,NN,NN
3.475393,NN,NN,NN,NN
3.479546,NN,NN,NN,NN
3.484424,NN,NN,NN,NN
3.491779,NN,NN,NN,NN
3.496985,NN,NN,NN,NN
3.500366,NN,NN,NN,NN
3.506388,NN,NN,NN,NN
3.512107,NN,NN,NN,NN
3.515468,NN,NN,NN,NN
3.521280,NN,NN,NN,NN
3.527483,NN,NN,NN,NN
3.530983,NN,NN,NN,NN
3.536396,NN,NN,NN,NN
3.541127,NN,NN,NN,NN
3.544554,NN,NN,NN,NN
3.547742,NN,NN,NN,NN
3.552196,NN,NN,NN,NN
3.557220,NN,NN,NN,NN
3.560771,NN,NN,NN,NN
3.564037,NN,NN,NN,NN
3.567856,NN,NN,NN,NN
3.572950,NN,NN,NN,NN
3.577077,NN,NN,NN,NN
3.580696,NN,NN,NN,NN
3.585832,NN,NN,NN,NN
3.590728,NN,NN,NN,NN
3.594389,NN,NN,NN,NN
3.598052,NN,NN,NN,NN
3.602206,NN,NN,NN,NN
3.606908,NN,NN,NN,NN
3.612581,NN,NN,NN,NN
3.617321,NN,NN,NN,NN
3.621908,NN,NN,NN,NN
3.625823,NN,NN,NN,NN
3.629985,NN,NN,NN,NN
3.633649,NN,NN,NN,NN
3.637860,NN,NN,NN,NN
3.642347,NN,NN,NN,NN
3.647488,NN,NN,NN,NN
3.651665,NN,NN,NN,NN
3.658100,NN,NN,NN,NN
3.662731,NN,NN,NN,NN
3.666399,NN,NN,NN,NN
3.670774,NN,NN,NN,NN
3.675931,NN,NN,NN,NN
3.681646,NN,NN,NN,NN
3.685256,NN,NN,NN,NN
3.689904,NN,NN,NN,NN
3.694704,NN,NN,NN,NN
3.698146,NN,NN,NN,NN
3.702011,NN,NN,NN,NN
3.708855,NN,NN,NN,NN
3.713261,NN,NN,NN,NN
3.718558,NN,NN,NN,NN
3.725517,NN,NN,NN,NN
3.731303,NN,NN,NN,NN
3.735365,NN,NN,NN,NN
3.741937,NN,NN,NN,NN
3.746755,NN,NN,NN,NN
3.750535,NN,NN,NN,NN
3.757218,NN,NN,NN,NN
3.762623,NN,NN,NN,NN
3.767614,NN,NN,NN,NN
3.773643,NN,NN,NN,NN
3.779331,NN,NN,NN,NN
3.784713,NN,NN,NN,NN
3.794766,NN,NN,NN,NN
3.800516,NN,NN,NN,NN
3.809577,NN,NN,NN,NN
3.816985,NN,NN,NN,NN
3.822673,NN,NN,NN,NN
3.827778,NN,NN,NN,NN
3.831226,NN,NN,NN,NN
3.837441,NN,NN,NN,NN
3.843894,NN,NN,NN,NN
3.847943,NN,NN,NN,NN
3.853810,NN,NN,NN,NN
3.859648,NN,NN,NN,NN
3.865135,NN,NN,NN,NN
3.868888,NN,NN,NN,NN
3.874819,NN,NN,NN,NN
3.880806,NN,NN,NN,NN
3.885101,NN,NN,NN,NN
3.891522,NN,NN,NN,NN
3.896726,NN,NN,NN,NN
3.900051,NN,NN,NN,NN
3.905633,NN,NN,NN,NN
3.910154,NN,NN,NN,NN
3.913762,NN,NN,NN,NN
3.917314,NN,NN,NN,NN
3.921367,NN,NN,NN,NN
3.927026,NN,NN,NN,NN
3.931404,NN,NN,NN,NN
3.934989,NN,NN,NN,NN
3.939147,NN,NN,NN,NN
3.943684,NN,NN,NN,NN
3.947437,NN,NN,NN,NN
3.950779,NN,NN,NN,NN
3.954866,NN,NN,NN,NN
3.959978,NN,NN,NN,NN
3.963893,NN,NN,NN,NN
3.967345,NN,NN,NN,NN
3.972406,NN,NN,NN,NN
3.977117,NN,NN,NN,NN
3.980843,NN,NN,NN,NN
3.984244,NN,NN,NN,NN
3.989388,NN,NN,NN,NN
3.995042,NN,NN,NN,NN
3.998478,NN,NN,NN,NN
4.002024,NN,NN,NN,NN
4.007628,NN,NN,NN,NN
4.011883,NN,NN,NN,NN
4.015335,NN,NN,NN,NN
4.019690,NN,NN,NN,NN
4.024758,NN,NN,NN,NN
4.028466,NN,NN,NN,NN
4.032011,NN,NN,NN,NN
4.036800,NN,NN,NN,NN
4.041771,NN,NN,NN,NN
4.045661,NN,NN,NN,NN
4.049239,NN,NN,NN,NN
4.054116,NN,NN,NN,NN
4.059013,NN,NN,NN,NN
4.063029,NN,NN,NN,NN
4.067269,NN,NN,NN,NN
4.071883,NN,NN,NN,NN
4.075923,NN,NN,NN,NN
4.079861,NN,NN,NN,NN
4.083940,NN,NN,NN,NN
4.088274,NN,NN,NN,NN
4.092690,NN,NN,NN,NN
4.096827,NN,NN,NN,NN
4.100944,NN,NN,NN,NN
4.105523,NN,NN,NN,NN
4.110401,NN,NN,NN,NN
4.115490,NN,NN,NN,NN
4.120695,NN,NN,NN,NN
4.131778,NN,NN,NN,NN
4.136288,NN,NN,NN,NN
4.142885,NN,NN,NN,NN
4.147505,NN,NN,NN,NN
4.153295,NN,NN,NN,NN
4.159512,NN,NN,NN,NN
4.164762,NN,NN,NN,NN
4.168155,NN,NN,NN,NN
4.174334,NN,NN,NN,NN
4.180233,NN,NN,NN,NN
4.183860,NN,NN,NN,NN
4.189377,NN,NN,NN,NN
4.196126,NN,NN,NN,NN
4.199779,NN,NN,NN,NN
4.205089,NN,NN,NN,NN
4.210632,NN,NN,NN,NN
4.214341,NN,NN,NN,NN
4.219284,NN,NN,NN,NN
4.225761,NN,NN,NN,NN
4.229606,NN,NN,NN,NN
4.234128,NN,NN,NN,NN
4.238569,NN,NN,NN,NN
4.247028,NN,NN,NN,NN
4.252107,NN,NN,NN,NN
4.258408,NN,NN,NN,NN
4.263755,NN,NN,NN,NN
4.267137,NN,NN,NN,NN
4.272316,NN,NN,NN,NN
4.278363,NN,NN,NN,NN
4.281901,NN,NN,NN,NN
4.286799,NN,NN,NN,NN
4.292702,NN,NN,NN,NN
4.296548,NN,NN,NN,NN
4.302063,NN,NN,NN,NN
4.307970,NN,NN,NN,NN
4.311801,NN,NN,NN,NN
4.317241,NN,NN,NN,NN
4.322564,NN,NN,NN,NN
4.327207,NN,NN,NN,NN
4.332974,NN,NN,NN,NN
4.339022,NN,NN,NN,NN
4.343441,NN,NN,NN,NN
4.348843,NN,NN,NN,NN
4.353975,NN,NN,NN,NN
4.359938,NN,NN,NN,NN
4.363619,NN,NN,NN,NN
4.368853,NN,NN,NN,NN
4.373145,NN,NN,NN,NN
4.380833,NN,NN,NN,NN
4.385250,NN,NN,NN,NN
4.391001,NN,NN,NN,NN
4.397919,NN,NN,NN,NN
4.402173,NN,NN,NN,NN
4.407475,NN,NN,NN,NN
4.414899,NN,NN,NN,NN
4.420183,NN,NN,NN,NN
4.424963,NN,NN,NN,NN
4.430911,NN,NN,NN,NN
4.435846,NN,NN,NN,NN
4.440364,NN,NN,NN,NN
4.454612,NN,NN,NN,NN
4.460631,NN,NN,NN,NN
4.464884,NN,NN,NN,NN
4.468032,NN,NN,NN,NN
4.471289,NN,NN,NN,NN
4.476210,NN,NN,NN,NN
4.481701,NN,NN,NN,NN
4.485121,NN,NN,NN,NN
4.491513,NN,NN,NN,NN
4.496372,NN,NN,NN,NN
4.499599,NN,NN,NN,NN
4.505167,NN,NN,NN,NN
4.513971,NN,NN,NN,NN
4.519423,NN,NN,NN,NN
4.524902,NN,NN,NN,NN
4.528455,NN,NN,NN,NN
4.532901,NN,NN,NN,NN
4.537590,NN,NN,NN,NN
4.543588,NN,NN,NN,NN
4.549096,NN,NN,NN,NN
4.554278,NN,NN,NN,NN
4.558769,NN,NN,NN,NN
4.563888,NN,NN,NN,NN
4.567543,NN,NN,NN,NN
4.572971,NN,NN,NN,NN
4.578940,NN,NN,NN,NN
4.583329,NN,NN,NN,NN
4.588690,NN,NN,NN,NN
4.594934,NN,NN,NN,NN
4.600558,NN,NN,NN,NN
4.604290,NN,NN,NN,NN
4.610407,NN,NN,NN,NN
4.615950,NN,NN,NN,NN
4.619346,NN,NN,NN,NN
4.624664,NN,NN,NN,NN
4.630568,NN,NN,NN,NN
4.634264,NN,NN,NN,NN
4.639804,NN,NN,NN,NN
4.648983,NN,NN,NN,NN
4.655335,NN,NN,NN,NN
4.663642,NN,NN,NN,NN
4.674319,NN,NN,NN,NN
4.680788,NN,NN,NN,NN
4.685117,NN,NN,NN,NN
4.691007,NN,NN,NN,NN
4.695520,NN,NN,NN,NN
4.700860,NN,NN,NN,NN
4.707239,NN,NN,NN,NN
4.713377,NN,NN,NN,NN
4.716841,NN,NN,NN,NN
4.722644,NN,NN,NN,NN
4.729569,NN,NN,NN,NN
4.735492,NN,NN,NN,NN
4.739646,NN,NN,NN,NN
4.745064,NN,NN,NN,NN
4.748784,NN,NN,NN,NN
4.752599,NN,NN,NN,NN
4.757864,NN,NN,NN,NN
4.762413,NN,NN,NN,NN
4.767037,NN,NN,NN,NN
4.770483,NN,NN,NN,NN
4.774679,NN,NN,NN,NN
4.778644,NN,NN,NN,NN
4.782771,NN,NN,NN,NN
4.787039,NN,NN,NN,NN
4.792296,NN,NN,NN,NN
4.796560,NN,NN,NN,NN
4.801665,NN,NN,NN,NN
4.805473,NN,NN,NN,NN
4.810142,NN,NN,NN,NN
4.814433,NN,NN,NN,NN
4.818291,NN,NN,NN,NN
4.822510,NN,NN,NN,NN
4.826900,NN,NN,NN,NN
4.830897,NN,NN,NN,NN
4.834457,NN,NN,NN,NN
4.838561,NN,NN,NN,NN
4.843468,NN,NN,NN,NN
4.847671,NN,NN,NN,NN
4.851473,NN,NN,NN,NN
4.855334,NN,NN,NN,NN
4.860741,NN,NN,NN,NN
4.864773,NN,NN,NN,NN
4.868347,NN,NN,NN,NN
4.872084,NN,NN,NN,NN
4.877462,NN,NN,NN,NN
4.882150,NN,NN,NN,NN
4.885765,NN,NN,NN,NN
4.889448,NN,NN,NN,NN
4.894705,NN,NN,NN,NN
4.898731,NN,NN,NN,NN
4.902402,NN,NN,NN,NN
4.924345,NN,NN,NN,NN
4.930515,NN,NN,NN,NN
4.934227,NN,NN,NN,NN
4.938551,NN,NN,NN,NN
4.943899,NN,NN,NN,NN
4.947321,NN,NN,NN,NN
4.950321,NN,NN,NN,NN
4.954318,NN,NN,NN,NN
4.958586,NN,NN,NN,NN
4.962583,NN,NN,NN,NN
4.978359,NN,NN,NN,NN
